lead_id,business_name,category,service_keywords,location_fit,address,city_area,province,country,phone,email,website,source_name,source_url,source_checked_date,contact_type,popia_consent_status,email_marketing_allowed_now,allowed_next_step,notes
MEY-001-cas-services-cc,CAS Services cc,Industrial services,"Compressed air solutions, rentals, spare parts, 24 hour services",Meyerton based,"36 Albert Wessels Ave, Sybrand van Niekerk Park, Meyerton","Sybrand van Niekerk Park, Meyerton",Gauteng,South Africa,016 362 0021; 083 320 4722,info@casservices.co.za,https://casservices.co.za/,CAS Services website,https://casservices.co.za/,2026-05-19,generic_business_email,not_contacted_consent_required,No,"Consent required: use once only for POPIA Form 4 consent request, or market only under existing-customer exception after opt-in.",Public business contact details listed on company website.
MEY-002-tyremart-meyerton,Tyremart Meyerton,Automotive services,"Tyres, batteries, brakes, mag repairs, shocks, wheels",Meyerton based,"45 Galloway Street, Meyerton, 1961",Meyerton,Gauteng,South Africa,016 360 8400,meyerton@thomastyres.co.za,https://www.tyremart.co.za/meyerton/,Tyremart branch page,https://www.tyremart.co.za/meyerton/,2026-05-19,named_or_role_business_email,not_contacted_consent_required,No,"Consent required: use once only for POPIA Form 4 consent request, or market only under existing-customer exception after opt-in.",Branch contact email listed publicly.
MEY-003-css-engineering,CSS Engineering,Engineering services,Engineering services,Meyerton based,"34 Sieg Kuschke Ave, Sybrand van Niekerk Park, Meyerton, 1962","Sybrand van Niekerk Park, Meyerton",Gauteng,South Africa,016 362 4152/3,info@cssengineering.co.za,https://www.cssengineering.co.za/,CSS Engineering contact page,https://www.cssengineering.co.za/contact/,2026-05-19,generic_business_email,not_contacted_consent_required,No,"Consent required: use once only for POPIA Form 4 consent request, or market only under existing-customer exception after opt-in.",Website contact form also includes explicit permission checkbox for saving data.
MEY-004-postnet-meyerton,PostNet Meyerton,Business services,"Courier, printing, retail, logistics",Meyerton based,"Shop 1, Three Oaks Professional Centre, Cnr Pierneef Blvd & Boet Kruger St, Meyerton, 1960",Meyerton,Gauteng,South Africa,016 362 0928,postnetmeyerton@yahoo.com,https://meyerton.postnet.co.za/,Cybo listing,https://bedrijvengids.cybo.com/ZA-biz/postnet-meyerton,2026-05-19,consumer_or_named_email,not_contacted_consent_required,No,"Consent required: use once only for POPIA Form 4 consent request, or market only under existing-customer exception after opt-in.",Cybo also lists callcentre@postnetsa.co.za; branch-specific address captured.
MEY-005-m-g-castings-supplies-engine,M G Castings Supplies & Engineering,Manufacturing and engineering,"Foundries, castings, engineering supplies",Meyerton based,"Cnr Meyerton & Station St, Meyerton, 1961",Meyerton,Gauteng,South Africa,016 360 1600,sales@mgcastings.co.za,https://mgcastings.co.za/,Brabys/Ananzi listing,https://ads.ananzi-h.net/za/gauteng/meyerton/foundries/m-g-castings-supplies-engineering,2026-05-19,generic_business_email,not_contacted_consent_required,No,"Consent required: use once only for POPIA Form 4 consent request, or market only under existing-customer exception after opt-in.",Public directory listing.
MEY-006-cobus-taljaard-en-vennote,Cobus Taljaard en Vennote,Accounting services,"Accounting, bookkeeping, auditing, tax consultancy, management consulting",Meyerton based,"10 Reitz St, Meyerton, 1961",Meyerton,Gauteng,South Africa,016 362 0275,ctaljaard@mweb.co.za,,Cybo listing,https://www.cybo.com/ZA-biz/cobus-taljaard-en-vennote,2026-05-19,consumer_or_named_email,not_contacted_consent_required,No,"Consent required: use once only for POPIA Form 4 consent request, or market only under existing-customer exception after opt-in.",Email is public but personal-looking; treat with extra consent care.
MEY-007-sechaba-electronic-solutions,Sechaba Electronic Solutions,Security and electronics,"Fire detection, CCTV, fibre splicing, access control, alarms, PA systems, electrical projects",Meyerton based,"Plot 74 De Deur Road, De Deur, Meyerton, 1871","De Deur, Meyerton",Gauteng,South Africa,079 044 8503,,,Hotfrog listing,https://www.hotfrog.co.za/company/1099860847554560/sechaba-electronic-solutions/meyerton/electronics-services-and-equipment,2026-05-19,no_email_found,not_contacted_consent_required,No,"No public email captured: verify details and invite opt-in by phone, in person, or web form before email marketing.",Directory shows email button but does not expose address.
MEY-008-sa-whole-salers,SA whole salers,Courier and delivery services,Courier and parcel delivery,Meyerton based,"48 Loch St, Meyerton, 1961",Meyerton,Gauteng,South Africa,082 619 1217; 079 277 3402,,,Cybo listing,https://yellowpages-af.cybo.com/ZA-biz/sa-whole-salers,2026-05-19,no_email_found,not_contacted_consent_required,No,"No public email captured: verify details and invite opt-in by phone, in person, or web form before email marketing.",No public email found in listing.
MEY-009-americana-hardware,Americana Hardware,Building supplies and home improvement,"Hardware, building materials, renovation supplies",Meyerton based,"163 Johan Le Roux Rd, Meyerton Park (Farms), Meyerton, 1961","Meyerton Park, Meyerton",Gauteng,South Africa,016 362 1999,,,Yocale listing,https://www.yocale.com/en/b/americanahardware,2026-05-19,no_email_found,not_contacted_consent_required,No,"No public email captured: verify details and invite opt-in by phone, in person, or web form before email marketing.","Useful for supplier partnership, not necessarily a pro-service lead."
MEY-010-miloy-engineering,Miloy Engineering,Civil engineering,Civil engineering,Meyerton based,"54 Albert Wessels Ave, Sybrand V Niekerk Park, Meyerton, 1961","Sybrand van Niekerk Park, Meyerton",Gauteng,South Africa,016 362 1310,info@astecsa.co.za,,Southern African Business Pages,https://sabusinesspgs.com/listings/miloy-engineering/,2026-05-19,generic_business_email,not_contacted_consent_required,No,"Consent required: use once only for POPIA Form 4 consent request, or market only under existing-customer exception after opt-in.",Directory email domain may point to related company; verify before use.
MEY-011-m-v-metals,M V Metals,Scrap and waste services,"Scrap metal merchants, scrap dealers",Meyerton based,"6 Louis Luyt Ave, Meyerton, 1961",Meyerton,Gauteng,South Africa,016 362 0420; 076 100 2697,,https://www.mvmetals.co.za/,Cylex listing,https://www.cylex.net.za/company/m-v-metals-19632548.html,2026-05-19,no_email_found,not_contacted_consent_required,No,"No public email captured: verify details and invite opt-in by phone, in person, or web form before email marketing.",Email obfuscated in listing; not captured.
MEY-012-thayi-cleaning-services,Thayi Cleaning Services,Cleaning services,"Industrial cleaning, commercial cleaning, residential cleaning",Meyerton based,"04 Dassie Street, Meyerton East, Meyerton, 1961",Meyerton East,Gauteng,South Africa,082 232 9194,info@thayicleaningservices.co.za,https://thayicleaningservices.co.za/,Thayi Cleaning contact page,https://thayicleaningservices.co.za/contact/,2026-05-19,generic_business_email,not_contacted_consent_required,No,"Consent required: use once only for POPIA Form 4 consent request, or market only under existing-customer exception after opt-in.",Public generic email.
MEY-013-els-electrical,Els Electrical,Electrical services,Electrical installation,Meyerton based,"20 Fenton St, Meyerton, 1960",Meyerton,Gauteng,South Africa,016 362 3387,els@elselectrical.co.za,https://www.elselectrical.co.za/,AfricaBizInfo listing,https://www.africabizinfo.com/ZA/els-electrical-016-362-3387,2026-05-19,named_or_role_business_email,not_contacted_consent_required,No,"Consent required: use once only for POPIA Form 4 consent request, or market only under existing-customer exception after opt-in.",Public business listing.
MEY-014-drainmen-plumbing-services,Drainmen Plumbing Services,Plumbing and drainage,"Plumbing, drainage, leak detection, grey water systems",Serves Meyerton,"Head office: 38 Raats Drive, Table View, Cape Town; services Midvaal areas",Services Meyerton / Midvaal,Gauteng,South Africa,072 186 1071; 0860 372 466,info@drainmen.co.za,https://www.drainmen.co.za/plumber-meyerton/,Drainmen Meyerton service page,https://www.drainmen.co.za/plumber-meyerton/,2026-05-19,generic_business_email,not_contacted_consent_required,No,"Consent required: use once only for POPIA Form 4 consent request, or market only under existing-customer exception after opt-in.",Not clearly Meyerton-based; local service landing page.
MEY-015-elpar-auto-electrical,Elpar Auto Electrical,Auto electrical,Auto electricians,Meyerton based,"13 Fenton St, Meyerton, 1961",Meyerton,Gauteng,South Africa,016 362 0447,drieskruger@ymail.com,,Southern African Business Pages,https://sabusinesspgs.com/listings/elpar-auto-electrical/,2026-05-19,consumer_or_named_email,not_contacted_consent_required,No,"Consent required: use once only for POPIA Form 4 consent request, or market only under existing-customer exception after opt-in.",Public directory email is personal-looking.
MEY-016-dunamis-power,Dunamis Power,Construction and industrial services,"Yellow plant hire, fleet maintenance, commissioning, industrial services, solar and heat pump installation, construction",Meyerton based,"98 Party Rd, Boltonwold AH, Meyerton, 1961","Boltonwold AH, Meyerton",Gauteng,South Africa,016 013 0461,info@dunamispower.co.za,https://www.dunamispower.co.za/,Dunamis Power contact page,https://www.dunamispower.co.za/contact,2026-05-19,generic_business_email,not_contacted_consent_required,No,"Consent required: use once only for POPIA Form 4 consent request, or market only under existing-customer exception after opt-in.",Public generic email.
MEY-017-ellis-bd-electrical-engineer,Ellis BD Electrical & Engineering (Pty) Ltd,Electrical and engineering,Electrical engineering,Meyerton based,"Meyerton, 1961",Meyerton,Gauteng,South Africa,016 362 0643,info@ellis-engineering.co.za,,SA Business Listings,https://sabusinesslistings.co.za/listings/ellis-bd-electrical-engineering-pty-ltd/,2026-05-19,generic_business_email,not_contacted_consent_required,No,"Consent required: use once only for POPIA Form 4 consent request, or market only under existing-customer exception after opt-in.",Public generic email.
MEY-018-starlight-electrical-wholesa,Starlight Electrical Wholesalers,Electrical supplier,Electrical wholesaler,Meyerton based,"80 Pierneef Boulevard, Kookrus, Meyerton","Kookrus, Meyerton",Gauteng,South Africa,016 362 0341,silvia@starelec.co.za,,Online Directory listing,https://onlinedirectory.online/listing/starlight-electrical-wholesalers,2026-05-19,named_or_role_business_email,not_contacted_consent_required,No,"Consent required: use once only for POPIA Form 4 consent request, or market only under existing-customer exception after opt-in.",Public directory email is named.
MEY-019-drept-residential-cleaning-s,DREPT Residential Cleaning Services,Cleaning services,"House cleaning, office cleaning, apartment cleaning, deep cleaning",Meyerton based,"Loch Street, Meyerton, 1961",Meyerton,Gauteng,South Africa,067 992 3852,info@dreptresidentialcleaningservice.co.za,https://www.dreptresidentialcleaningservice.co.za/,DREPT website,https://www.dreptresidentialcleaningservice.co.za/,2026-05-19,generic_business_email,not_contacted_consent_required,No,"Consent required: use once only for POPIA Form 4 consent request, or market only under existing-customer exception after opt-in.",Public generic email.
MEY-020-bidvest-steiner-vereeniging-,Bidvest Steiner Vereeniging Branch,Cleaning and hygiene services,"Hygiene, consumables, deep clean, pest control",Meyerton based,"13 Spence Street, Meyerton, 1939",Meyerton,Gauteng,South Africa,016 423 4438; 067 714 9216,,https://steiner.co.za/branch-locator,VaalIO listing,https://www.vaalio.co.za/bidvest-steiner-vereeniging-branch,2026-05-19,no_email_found,not_contacted_consent_required,No,"No public email captured: verify details and invite opt-in by phone, in person, or web form before email marketing.",Branch listing names Vereeniging but address is Meyerton.
MEY-021-express-drains-and-plumbing,Express Drains and Plumbing,Plumbing and drainage,"Emergency plumbing, geyser installation, solar geysers, drain services",Serves Meyerton,"Meyerton, Vereeniging and Sasolburg service area",Services Meyerton / Vaal,Gauteng,South Africa,078 314 7309,info@expressdrainsandplumbing.co.za,https://www.expressdrainsandplumbing.co.za/,Express Drains website,https://www.expressdrainsandplumbing.co.za/,2026-05-19,generic_business_email,not_contacted_consent_required,No,"Consent required: use once only for POPIA Form 4 consent request, or market only under existing-customer exception after opt-in.",Service-area lead; verify physical base.
MEY-022-l2k-electrical-and-building-,L2K Electrical and Building Maintenance,Electrical and building maintenance,"Electrical installations, upgrades, fault finding, COC, building maintenance, plumbing maintenance",Meyerton based,"4 Saunderson Street, Meyerton, Gauteng, 1961",Meyerton,Gauteng,South Africa,071 886 7511; 061 524 9467,l2kelectricail@gmail.com,,Nearby Electrician listing,https://nearbyelectrician.co.za/blogs/electricians/l2k-electrical-and-building-maintenance,2026-05-19,consumer_or_named_email,not_contacted_consent_required,No,"Consent required: use once only for POPIA Form 4 consent request, or market only under existing-customer exception after opt-in.",Gmail address and spelling as listed; verify before use.
MEY-023-fontscape-holdings,Fontscape Holdings,Cleaning and business services,"Residential cleaning, commercial cleaning, logistics, business management solutions",Meyerton based,"120 Springbok Road, Highbury, Meyerton, 1960","Highbury, Meyerton",Gauteng,South Africa,016 100 1622; 073 382 6000,office@fontscape.co.za,https://fontscape.co.za/,Fontscape cleaning page,https://fontscape.co.za/cleaning/,2026-05-19,generic_business_email,not_contacted_consent_required,No,"Consent required: use once only for POPIA Form 4 consent request, or market only under existing-customer exception after opt-in.",Website lists multiple emails; office@ captured as primary.
MEY-024-eyona-security,Eyona Security,Security services,"Residential security, commercial security",Meyerton based,"Suite 1, Three Oaks Professional Centre, C/o Pierneef Boulevard & Boet Kruger Street, Meyerton, 1961",Meyerton,Gauteng,South Africa,064 525 3858; 079 461 6287; 079 890 8846,info@eyonasecurity.co.za,https://eyonasecurity.co.za/,Eyona Security contact page,https://eyonasecurity.co.za/?page_id=383,2026-05-19,generic_business_email,not_contacted_consent_required,No,"Consent required: use once only for POPIA Form 4 consent request, or market only under existing-customer exception after opt-in.",Public generic email.
MEY-025-cw-solar,CW Solar,Solar installation,"Solar systems, national service area",Meyerton based,"Meyerton, Gauteng",Meyerton,Gauteng,South Africa,082 557 6089,admin@cw-solar.co.za,https://cw-solar.co.za/,CW Solar contact page,https://cw-solar.co.za/?page_id=445,2026-05-19,generic_business_email,not_contacted_consent_required,No,"Consent required: use once only for POPIA Form 4 consent request, or market only under existing-customer exception after opt-in.",Website also lists christo@cw-solar.co.za; admin@ captured as primary.
MEY-026-rrr-solar,RRR Solar,Solar installation,"Solar power, solar energy, solar installations, solar maintenance, pumps, geysers",Meyerton based,"80 Iffley Road, Meyerton, 1962",Meyerton,Gauteng,South Africa,071 867 1424,,http://www.rrrsolar.co.za,VaalIO listing,https://www.vaalio.co.za/rrr-solar,2026-05-19,no_email_found,not_contacted_consent_required,No,"No public email captured: verify details and invite opt-in by phone, in person, or web form before email marketing.",No public email shown in VaalIO listing.
MEY-027-afri-guard,Afri Guard,Security services,"Alarm systems, guarding, monitoring, protection, surveillance, training",Meyerton based,"34 Sandsteen Rd, Pendale AH, Meyerton","Pendale AH, Meyerton",Gauteng,South Africa,086 100 0126; 016 365 8100; 080 016 0873,info@afri-guard.co.za,https://afri-guard.co.za/,Afri Guard contact page,https://afri-guard.co.za/contact-us/,2026-05-19,generic_business_email,not_contacted_consent_required,No,"Consent required: use once only for POPIA Form 4 consent request, or market only under existing-customer exception after opt-in.",Public generic email.
MEY-028-civil-sec,Civil Sec,Security services,"Security installations, maintenance, repair services",Meyerton based,"23 Hoogenhout Street, Kookrus, Meyerton","Kookrus, Meyerton",Gauteng,South Africa,066 431 8682,Andre@civilsec.co.za,,Midvaal Business Chamber member page,https://midvaalchamber.co.za/member/civil-sec/,2026-05-19,named_or_role_business_email,not_contacted_consent_required,No,"Consent required: use once only for POPIA Form 4 consent request, or market only under existing-customer exception after opt-in.",Public chamber member listing; named business email.
MEY-029-protrac-projects,Protrac Projects,Security systems installation,"CCTV, perimeter security, access control, alarms, gate automation, maintenance",Meyerton based,"243 Jan Neethling Road, Riversdale, Meyerton","Riversdale, Meyerton",Gauteng,South Africa,061 444 9062,,https://protrac.co.za/,Protrac website,https://protrac.co.za/,2026-05-19,no_email_found,not_contacted_consent_required,No,"No public email captured: verify details and invite opt-in by phone, in person, or web form before email marketing.",Website has email link text but email address not exposed in search snippet.
MEY-030-ccso-solar,CCSO Solar,Solar installation,"Solar panel installation, inverters, lithium batteries, consulting",Serves Meyerton,"10 Pierneef St, Sasolburg, 1947; services Meyerton area",Services Meyerton,Gauteng,South Africa,066 248 9290,solar@ccso.co.za,https://ccsosolar.co.za/,CCSO Solar Meyerton page,https://ccsosolar.co.za/solar-panels-inverters-and-lithium-batteries-in-meyerton/,2026-05-19,named_or_role_business_email,not_contacted_consent_required,No,"Consent required: use once only for POPIA Form 4 consent request, or market only under existing-customer exception after opt-in.",Service-area lead; based in Sasolburg.
MEY-031-electrocool-construction,Electrocool Construction,Construction and maintenance,"Building construction, steel structures, cladding, timber construction, repairs, maintenance, boundary walls, carports",Meyerton based,"5A Tulbach Street, Kookrus, Meyerton","Kookrus, Meyerton",Gauteng,South Africa,082 463 1477,,http://electrocoolconstruction.amawebs.com,AiYellow listing,https://www.aiyellow.com/electrocoolconstruction/,2026-05-19,no_email_found,not_contacted_consent_required,No,"No public email captured: verify details and invite opt-in by phone, in person, or web form before email marketing.",No public email found.
MEY-032-derbey-projects,Derbey Projects,Civil construction,"Civil construction, plant hire, concrete silo foundations, civil engineering, maintenance",Serves Meyerton,Vaal Triangle / Lochvaal service area,Services Meyerton / Vaal,Gauteng,South Africa,082 905 1530,civils@derbeyprojects.co.za,https://derbeyprojects.co.za/,Derbey Projects Meyerton service page,https://derbeyprojects.co.za/civil-construction-services-meyerton/,2026-05-19,named_or_role_business_email,not_contacted_consent_required,No,"Consent required: use once only for POPIA Form 4 consent request, or market only under existing-customer exception after opt-in.",Service-area lead; verify physical base.
MEY-033-j-strydom-and-partners,J Strydom and Partners,Accounting and financial services,"Chartered accounting, tax, wills, audits, SARS disputes, liquidations",Meyerton based,"50 Boet Kruger Street, Meyerton, 1961",Meyerton,Gauteng,South Africa,016 423 6212,info@jstrydom.co.za,https://jstrydom.co.za/,J Strydom contact page,https://jstrydom.co.za/contact-us/,2026-05-19,generic_business_email,not_contacted_consent_required,No,"Consent required: use once only for POPIA Form 4 consent request, or market only under existing-customer exception after opt-in.",Public generic email.
MEY-034-botha-barendrecht-attorneys,Botha & Barendrecht Attorneys,Legal services,"Attorneys, legal services",Meyerton based,"Rose Bend Place, Suite 1, 1 Rissik Street, Meyerton, 1961",Meyerton,Gauteng,South Africa,016 013 0014; 082 451 6077; 081 510 0249,admin@bbincattorneys.co.za,https://bothabarendrecht.co.za/,Botha & Barendrecht contact page,https://bothabarendrecht.co.za/contact/,2026-05-19,generic_business_email,not_contacted_consent_required,No,"Consent required: use once only for POPIA Form 4 consent request, or market only under existing-customer exception after opt-in.",Public generic email.
MEY-035-pro-select,Pro-Select,Accounting services,"Accounting, tax, financial services for businesses, individuals and trusts",Meyerton based,"17 Seder Rd, Golfpark, Meyerton, 1961","Golfpark, Meyerton",Gauteng,South Africa,082 859 3362,louis@pro-select.co.za,https://www.pro-select.co.za/,Pro-Select contact page,https://www.pro-select.co.za/contact/,2026-05-19,named_or_role_business_email,not_contacted_consent_required,No,"Consent required: use once only for POPIA Form 4 consent request, or market only under existing-customer exception after opt-in.",Public named business email.
MEY-036-pjoy,PJoy,Fibre and network services,"Fibre optic installation, splicing, testing, network design, project management, training",Meyerton based,"2697 Bramley Street, Pocket 3 Savanna City, Meyerton, 1960","Savanna City, Meyerton",Gauteng,South Africa,063 767 7035,admin@pjoy.co.za,https://pjoy.co.za/,PJoy contact page,https://pjoy.co.za/contact/,2026-05-19,generic_business_email,not_contacted_consent_required,No,"Consent required: use once only for POPIA Form 4 consent request, or market only under existing-customer exception after opt-in.",Public generic email.
MEY-037-tk-financial-hr-services,TK Financial & HR Services,Bookkeeping and HR services,"Bookkeeping, taxation, payroll, labour matters, company secretarial work",Meyerton based,"5 Gluck St, Kookrus, Meyerton, 1961","Kookrus, Meyerton",Gauteng,South Africa,082 962 2258; 079 409 4070,,https://tkfinancial.co.za/,TK Financial contact page,https://tkfinancial.co.za/contact-us-5019,2026-05-19,no_email_found,not_contacted_consent_required,No,"No public email captured: verify details and invite opt-in by phone, in person, or web form before email marketing.",Emails were redacted as email protected in snippet; not captured.
MEY-038-van-der-walt-accountants,Van der Walt Accountants,Accounting services,Tax and accounting consultants,Meyerton based,"30 Galloway Street, Meyerton, 1961",Meyerton,Gauteng,South Africa,016 362 2525,,https://www.rekenmeesters.co.za/,Fyple listing,https://www.fyple.co.za/company/van-der-walt-accountants-aa2r1e/,2026-05-19,no_email_found,not_contacted_consent_required,No,"No public email captured: verify details and invite opt-in by phone, in person, or web form before email marketing.",No public email found in listing.
MEY-039-kruger-en-van-eeden-attorney,Kruger en Van Eeden Attorneys,Legal services,"Administration, correspondence work, attorneys",Meyerton based,"30B Galloway Street, Meyerton; also Vanderbijlpark office",Meyerton,Gauteng,South Africa,016 931 2380; 084 984 8570,joeypeters@telkomsa.net,,Legal Practitioners Directory,https://www.directory101.co.za/legaldir/index.php?id=908&page=item,2026-05-19,consumer_or_named_email,not_contacted_consent_required,No,"Consent required: use once only for POPIA Form 4 consent request, or market only under existing-customer exception after opt-in.",Public email is named/personal-looking; verify before use.
MEY-040-george-jonker-associates,George Jonker & Associates,Legal and business consulting,"Labour law, business analyst, strategic planning, consulting",Meyerton based,"Meyerton, Gauteng",Meyerton,Gauteng,South Africa,081 559 8268; 016 362 2718,george@jonkerrodes.co.za,,HRTI directory PDF,https://www.hrti.co.za/Directory/Directory.pdf,2026-05-19,named_or_role_business_email,not_contacted_consent_required,No,"Consent required: use once only for POPIA Form 4 consent request, or market only under existing-customer exception after opt-in.",Public directory PDF; named business email.
MEY-041-first-battery-centre-meyerto,First Battery Centre Meyerton,Automotive battery services,"Batteries, delivery, callouts, after-hours callouts",Meyerton based,"Shop 6a, Boet Kruger Street, Meyerton",Meyerton,Gauteng,South Africa,016 362 0994; 063 886 5475; 087 250 0481,bcmeyerton6a@gmail.com,https://www.battery.co.za/,First Battery store page,https://www.battery.co.za/store/first-battery-centre-meyerton/,2026-05-19,consumer_or_named_email,not_contacted_consent_required,No,"Consent required: use once only for POPIA Form 4 consent request, or market only under existing-customer exception after opt-in.",Branch Gmail listed publicly.
MEY-042-xxx-cv-exhaust,XXX CV & Exhaust,Automotive services,"CV joints, exhaust, mechanical and manufacturing services",Meyerton based,"33 Meyer Street, Meyerton, Gauteng",Meyerton,Gauteng,South Africa,016 362 4817; 078 112 2160,info@xxxexhaust.co.za,https://xxxexhaust.co.za/,XXX CV & Exhaust contact page,https://xxxexhaust.co.za/contact-us/,2026-05-19,generic_business_email,not_contacted_consent_required,No,"Consent required: use once only for POPIA Form 4 consent request, or market only under existing-customer exception after opt-in.",Public generic email.
MEY-043-jc-auto-towing,JC Auto Towing,Towing services,Auto towing,Meyerton based,"29 Meyer Street, Meyerton, Gauteng",Meyerton,Gauteng,South Africa,084 503 1295,jcautoview@gmail.com,http://jc-auto-view-towing.co.za,DIBIZ digital business card,https://www.dibiz.com/ripmarautoview,2026-05-19,consumer_or_named_email,not_contacted_consent_required,No,"Consent required: use once only for POPIA Form 4 consent request, or market only under existing-customer exception after opt-in.",Gmail listed publicly.
MEY-044-g-t-panelbeaters-spraypainte,G T Panelbeaters & Spraypainters,Panel beating and car body repairs,"Panelbeaters, spraypainters, car body repairs",Meyerton based,"10 Dutton Street, Meyerton, 1961",Meyerton,Gauteng,South Africa,016 362 1166; 076 368 4399,,,Cylex listing,https://www.cylex.net.za/company/g-t-panelbeaters---spraypainters-19624619.html,2026-05-19,no_email_found,not_contacted_consent_required,No,"No public email captured: verify details and invite opt-in by phone, in person, or web form before email marketing.",No public email found.
MEY-045-meyerton-towing,Meyerton Towing,Towing and roadside assistance,"Towing, roadside assistance, tyre changes, fuel assist, recovery",Meyerton based,"3 Japie Fourie Avenue, Kookrus, Meyerton, 1961","Kookrus, Meyerton",Gauteng,South Africa,062 553 3971; 073 822 8802,brandontowing56@gmail.com,https://sites.google.com/view/meyertontowing/home,Nichemarket listing,https://www.nichemarket.co.za/automotive/meyerton-towing,2026-05-19,consumer_or_named_email,not_contacted_consent_required,No,"Consent required: use once only for POPIA Form 4 consent request, or market only under existing-customer exception after opt-in.",Gmail listed publicly; Services4Africa also lists same provider.
MEY-046-botha-s-towing-group,Botha's Towing Group,Towing services,"Commercial towing, heavy duty towing, private light vehicle towing, recovery",Serves Meyerton,"41 National Rd (Barrage Rd), Stefano Park AH, Vanderbijlpark, 1911",Services Meyerton / Vaal,Gauteng,South Africa,016 100 1263; 061 422 1081,bothastowing@gmail.com,https://bothastowing.co.za/,Botha's Towing website,https://bothastowing.co.za/towing-services,2026-05-19,consumer_or_named_email,not_contacted_consent_required,No,"Consent required: use once only for POPIA Form 4 consent request, or market only under existing-customer exception after opt-in.",Service-area lead; not Meyerton-based.
MEY-047-cjr-autobody,CJR Autobody,Towing and autobody services,"Towing, recovery, heavy-duty towing, autobody",Serves Meyerton,Meyerton and surrounding areas,Services Meyerton,Gauteng,South Africa,,,https://www.cjrautobody.co.za/,CJR Autobody website,https://www.cjrautobody.co.za/,2026-05-19,no_email_found,not_contacted_consent_required,No,"No public email captured: verify details and invite opt-in by phone, in person, or web form before email marketing.",Search snippet confirms service area but no contact details captured in first pass.
MEY-048-car-service-city-meyerton,Car Service City Meyerton,Automotive service and repair,"Car servicing, maintenance, repairs, replacements, motor workshop",Meyerton based,"Shop 1b, Riverstone Mall, Cnr Pierneef Boulevard & Jim Fouche Rd, Meyerton, 1961",Meyerton,Gauteng,South Africa,087 357 7755; 072 941 4050,info@carservicecity.co.za,https://www.carservicecity.co.za/,StartUs listing,https://www.startus.cc/company/car-service-city-meyerton,2026-05-19,generic_business_email,not_contacted_consent_required,No,"Consent required: use once only for POPIA Form 4 consent request, or market only under existing-customer exception after opt-in.",Head office email; verify branch-specific consent route.
MEY-049-rock-n-audio-and-autostylin,ROCK n AUDIO AND AUTOSTYLIN,Auto electrical and car accessories,"Car audio, alarms, immobilizers, gearlocks, aircon regas, central locking, tracking",Meyerton based,"19c Loch Street, Meyerton, Gauteng, 1963",Meyerton,Gauteng,South Africa,016 362 0799; 073 619 2616,,,Looking4Spares listing,https://www.looking4spares.co.za/directory/car-service-and-workshops/gauteng/meyerton/rock-n-audio-and-autostylin,2026-05-19,no_email_found,not_contacted_consent_required,No,"No public email captured: verify details and invite opt-in by phone, in person, or web form before email marketing.",Listing has email label but no email exposed in snippet.
MEY-050-afpet-diesel-depot,Afpet Diesel Depot,Fuel and depot services,"Diesel, LP gas, shop, deli, Pargo pickup point, lubricants",Meyerton based,"53 Cypress Road, Meyerton, Gauteng",Meyerton,Gauteng,South Africa,0861 017 428,,https://www.afpet.co.za/,VaalOnline listing,https://www.vaalonline.com/business-directory/dynamic,2026-05-19,no_email_found,not_contacted_consent_required,No,"No public email captured: verify details and invite opt-in by phone, in person, or web form before email marketing.",VaalOnline public listing.
MEY-051-amazing-kitchens-renovations,Amazing Kitchens & Renovations,Renovation and home improvement,"Kitchens, built-in cupboards, vanities, ceilings, plumbing, electrical, painting, tiling, flooring, demolition, building work",Meyerton based,"Unit 53, Pilkington Tile Industrial Park, Cnr Johan Le Roux & Morris St, Meyerton",Meyerton,Gauteng,South Africa,082 920 4523,,https://www.amazingkitchens.co.za/,VaalOnline listing,https://www.vaalonline.com/business-directory/amazing-kitchens,2026-05-19,no_email_found,not_contacted_consent_required,No,"No public email captured: verify details and invite opt-in by phone, in person, or web form before email marketing.",Good fit for Sjoh pro recruitment.
MEY-052-bemi-active-sports-wear,BeMi Active Sports Wear,Printing and manufacturing,Sportswear printing and manufacturing,Meyerton based,"411 Galloway Street, Oudewerf Premises, Meyerton",Meyerton,Gauteng,South Africa,083 654 0079,,https://www.bemi.co.za/,VaalOnline listing,https://www.vaalonline.com/business-directory/be-mi-active-,2026-05-19,no_email_found,not_contacted_consent_required,No,"No public email captured: verify details and invite opt-in by phone, in person, or web form before email marketing.",Manufacturing and printing service.
MEY-053-cancun-spur-steak-ranch,Cancun Spur Steak Ranch,Restaurant and food services,"Restaurant, delivery, collection",Meyerton based,"Meyerton Piazza, Meyerton",Meyerton,Gauteng,South Africa,016 362 1177,,https://www.spursteakranches.com/,VaalOnline listing,https://www.vaalonline.com/business-directory/cancun-spur-steak-ranch,2026-05-19,no_email_found,not_contacted_consent_required,No,"No public email captured: verify details and invite opt-in by phone, in person, or web form before email marketing.",Lower priority for service-provider app unless food service category is targeted.
MEY-054-tjv-automation-and-control-p,TJV Automation and Control (Pty) Ltd,Automation and engineering,"CAD, electrical drawings, custom electrical enclosures, jigging, tooling, custom builds",Meyerton based,"304 De Wet St, Meyerton, Gauteng, 1871",Meyerton,Gauteng,South Africa,087 088 6363,,,The Business Directory,https://www.thebusinessdirectory.co.za/listings/tjv-automation-and-control-pty-ltd/,2026-05-19,no_email_found,not_contacted_consent_required,No,"No public email captured: verify details and invite opt-in by phone, in person, or web form before email marketing.",Meyerton-specific directory listing.
MEY-055-absorbetech-for-africa,Absorbetech for Africa,Environmental services,"Sustainable spill solutions, environmental services",Meyerton based,"184 Eland Rd, Unit 2, Meyerton, Gauteng, 1961",Meyerton,Gauteng,South Africa,082 704 7080,,,The Business Directory,https://www.thebusinessdirectory.co.za/listings/absorbetech-for-africa/,2026-05-19,no_email_found,not_contacted_consent_required,No,"No public email captured: verify details and invite opt-in by phone, in person, or web form before email marketing.",Meyerton-specific directory listing.
MEY-056-clicks-meyerton,Clicks Meyerton,Pharmacy and retail health,"Pharmacy, health and beauty retail",Meyerton based,"Loch St, Meyerton, Gauteng, 1961",Meyerton,Gauteng,South Africa,016 362 1301,,,The Business Directory,https://www.thebusinessdirectory.co.za/listings/clicks-meyerton/,2026-05-19,no_email_found,not_contacted_consent_required,No,"No public email captured: verify details and invite opt-in by phone, in person, or web form before email marketing.",Retail chain; lower priority as independent service provider lead.
MEY-057-pulse-perfumery,Pulse Perfumery,Retail and fragrance,"Perfumes, fragrance retail",Meyerton based,"1 Loch St, Meyerton, Gauteng, 1961",Meyerton,Gauteng,South Africa,076 960 8471,,,The Business Directory,https://www.thebusinessdirectory.co.za/listings/pulse-perfumery/,2026-05-19,no_email_found,not_contacted_consent_required,No,"No public email captured: verify details and invite opt-in by phone, in person, or web form before email marketing.",Retail lead; lower priority for pro-services marketing.
MEY-058-plastic-spice,Plastic & Spice,Retail supplies,"Kitchenware, baking ingredients, party supplies, cleaning products",Meyerton based,"Loch St, TM Service, Meyerton, Gauteng, 1961",Meyerton,Gauteng,South Africa,016 362 3474,,https://plasticandspice.com/,The Business Directory / VaalIO,https://www.thebusinessdirectory.co.za/listings/plastic-spice/,2026-05-19,no_email_found,not_contacted_consent_required,No,"No public email captured: verify details and invite opt-in by phone, in person, or web form before email marketing.",Retail/supplier lead.
MEY-059-morrys-guesthouse-meyerton,Morrys Guesthouse Meyerton,Accommodation services,Guesthouse accommodation,Meyerton based,"43 Morris Rd, Meyerton, Gauteng, 1961",Meyerton,Gauteng,South Africa,081 784 6033; 060 418 8860,,,The Business Directory,https://www.thebusinessdirectory.co.za/listings/morrys-guesthouse-meyerton/,2026-05-19,no_email_found,not_contacted_consent_required,No,"No public email captured: verify details and invite opt-in by phone, in person, or web form before email marketing.",Accommodation service provider.
MEY-060-exclusive-pool-heating,Exclusive Pool Heating,Pool services and solar heating,"Swimming pool solar panels, pool heating, installations",Meyerton based,"Wargrave Rd, Meyerton, Gauteng, 1961",Meyerton,Gauteng,South Africa,016 366 7052,,,The Business Directory,https://www.thebusinessdirectory.co.za/listings/exclusive-pool-heating/,2026-05-19,no_email_found,not_contacted_consent_required,No,"No public email captured: verify details and invite opt-in by phone, in person, or web form before email marketing.",Good fit for home-services provider recruitment.
MEY-061-exclusive-pool-covers,Exclusive Pool Covers,Pool services,"Swimming pool safety covers, PVC covers, solar blankets",Meyerton based,"Wargrave Rd, Meyerton, Gauteng, 1961",Meyerton,Gauteng,South Africa,010 012 6125,,,The Business Directory,https://www.thebusinessdirectory.co.za/listings/exclusive-pool-covers/,2026-05-19,no_email_found,not_contacted_consent_required,No,"No public email captured: verify details and invite opt-in by phone, in person, or web form before email marketing.",Good fit for home-services provider recruitment.
MEY-062-bathroom-bizarre-head-office,Bathroom Bizarre Head Office,Bathroom and tiling supplier,"Sanitary ware, tiling, bathroom supplies",Meyerton based,"Cnr Lily & Morris Rd, Meyerton Park (Farms), Meyerton, Gauteng, 1960","Meyerton Park, Meyerton",Gauteng,South Africa,0861 555 000,,,The Business Directory,https://www.thebusinessdirectory.co.za/listings/bathroom-bizarre-head-office/,2026-05-19,no_email_found,not_contacted_consent_required,No,"No public email captured: verify details and invite opt-in by phone, in person, or web form before email marketing.",Supplier/head office; not primarily a marketplace pro.
MEY-063-jacobs-chemicals-trading-pty,Jacobs Chemicals Trading Pty Ltd,Chemical supplier,"Chemical trading, manufacturing/supply",Meyerton based,"34 E G Jansen Rd, Barrow Village, Meyerton, Gauteng, 1961","Barrow Village, Meyerton",Gauteng,South Africa,061 624 9373; 074 361 8930,,,The Business Directory,https://www.thebusinessdirectory.co.za/listings/jacobs-chemicals-trading/,2026-05-19,no_email_found,not_contacted_consent_required,No,"No public email captured: verify details and invite opt-in by phone, in person, or web form before email marketing.",Supplier lead.
MEY-064-drainblox-blocked-drains,Drainblox | Blocked Drains,Drainage services,"Blocked drains, drain technicians",Meyerton based,"5 Jack Price St, Meyerton, Gauteng, 1961",Meyerton,Gauteng,South Africa,062 248 0042,,,The Business Directory,https://www.thebusinessdirectory.co.za/listings/drainblox-blocked-drains/,2026-05-19,no_email_found,not_contacted_consent_required,No,"No public email captured: verify details and invite opt-in by phone, in person, or web form before email marketing.",Strong Sjoh home-services fit.
MEY-065-bw-productions,BW Productions,Event management,"Event management, productions",Meyerton based,"52 The Avenue, Meyerton, Gauteng, 1961",Meyerton,Gauteng,South Africa,072 985 0426,,,The Business Directory,https://www.thebusinessdirectory.co.za/listings/bw-productions/,2026-05-19,no_email_found,not_contacted_consent_required,No,"No public email captured: verify details and invite opt-in by phone, in person, or web form before email marketing.",Event services.
MEY-066-protective-hygiene,Protective Hygiene,Hygiene and sanitation,"PPE showroom, hygiene and sanitation",Meyerton based,"52 The Avenue, Henley On Klip, Meyerton, Gauteng, 1961",Henley On Klip / Meyerton,Gauteng,South Africa,082 321 6520,,,The Business Directory,https://www.thebusinessdirectory.co.za/listings/protective-hygiene/,2026-05-19,no_email_found,not_contacted_consent_required,No,"No public email captured: verify details and invite opt-in by phone, in person, or web form before email marketing.",Hygiene supplier/service lead.
MEY-067-murriers-integral-solutions-,Murriers Integral Solutions Pty Ltd,Manufacturing,Manufacturing,Meyerton based,"74 Batoliet Rd, Unit 1, Meyerton, Gauteng, 1873",Meyerton,Gauteng,South Africa,016 023 0081,,,The Business Directory,https://www.thebusinessdirectory.co.za/listings/murriers-integral/,2026-05-19,no_email_found,not_contacted_consent_required,No,"No public email captured: verify details and invite opt-in by phone, in person, or web form before email marketing.",Manufacturing lead.
MEY-068-cc-automotive-engineering,CC Automotive Engineering,Automotive engineering,"Crankshaft grinding, line boring, cylinder heads, conrods, surface grinding, crack detecting, pressure testing",Meyerton based,"260 Main Rd, cnr Main and Kruger St, Meyerton, Gauteng, 1961",Meyerton,Gauteng,South Africa,011 022 8474,,,The Business Directory,https://www.thebusinessdirectory.co.za/listings/cc-automotive-engineering/,2026-05-19,no_email_found,not_contacted_consent_required,No,"No public email captured: verify details and invite opt-in by phone, in person, or web form before email marketing.",Automotive engineering service provider.
MEY-069-mctee-projects-and-security,Mctee Projects and Security,Landscaping and security,"Tree felling, site clearance, stump removal, landscaping, gardens",Meyerton based,"48 Rooijakkals Avenue, Meyerton, 1939",Meyerton,Gauteng,South Africa,,,,Homeimprovement4U listing,https://www.homeimprovement4u.co.za/directory/category/landscaping-gardens/location/gauteng/sedibeng-vereeniging/meyerton/,2026-05-19,no_email_found,not_contacted_consent_required,No,"No public email captured: verify details and invite opt-in by phone, in person, or web form before email marketing.",Directory exposes contact form/email button but no direct email in first pass.
MEY-070-sigma-qms,Sigma QMS,SHEQ consulting,"SHEQ management, quality management systems, QMS audits, safety files, risk assessment, incident investigation",Meyerton based,"Riversdale, Meyerton, 1961","Riversdale, Meyerton",Gauteng,South Africa,073 031 0518,,https://www.sigmaqms.co.za,VaalIO listing,https://www.vaalio.co.za/sigma-qms,2026-05-19,no_email_found,not_contacted_consent_required,No,"No public email captured: verify details and invite opt-in by phone, in person, or web form before email marketing.",Good B2B services lead; no email shown.
MEY-071-welpack,Welpack,Packaging supplier,"Packaging products, boxes, plastic sheeting, pallet wrap",Meyerton based,"15 Tom Muller Avenue, Meyerton, 1961",Meyerton,Gauteng,South Africa,016 362 2136/7; 082 442 9198,,http://www.welpac.co.za,VaalIO listing,https://www.vaalio.co.za/directory-business/listings/welpack,2026-05-19,no_email_found,not_contacted_consent_required,No,"No public email captured: verify details and invite opt-in by phone, in person, or web form before email marketing.",Supplier lead; no email shown.
MEY-072-computec,Computec,IT services,"Hardware, software, upgrades, repairs, networking, servers, hosting, website design, CCTV, POS, remote support",Meyerton based,"C/o Verwoerd & Viljoen Road, Rothdene, Meyerton, 1961","Rothdene, Meyerton",Gauteng,South Africa,016 363 0522; 083 304 7244,,http://www.computecit.co.za,VaalIO listing,https://www.vaalio.co.za/computec,2026-05-19,no_email_found,not_contacted_consent_required,No,"No public email captured: verify details and invite opt-in by phone, in person, or web form before email marketing.",Good professional services lead; no email shown.
MEY-073-shinenatix-solar,Shinenatix Solar,Solar installation,"Solar installations, system maintenance, financing options",Meyerton based,"1101 Regatta Road, Meyerton, 1961",Meyerton,Gauteng,South Africa,082 683 0604,,http://www.shinenatix.com,VaalIO listing,https://vaalio.co.za/shinenatix-solar,2026-05-19,no_email_found,not_contacted_consent_required,No,"No public email captured: verify details and invite opt-in by phone, in person, or web form before email marketing.",No email shown.
MEY-074-zoeke-design-studio,Zoeke Design Studio,Marketing and design services,"Graphic design, web design, video design, stationery design, print, social media design, website design",Meyerton based,"Meyerton, South Africa",Meyerton,Gauteng,South Africa,062 046 1808,,http://www.zoeke.co.za,VaalIO listing,https://www.vaalio.co.za/zoeke-design-studio,2026-05-19,no_email_found,not_contacted_consent_required,No,"No public email captured: verify details and invite opt-in by phone, in person, or web form before email marketing.",Good B2B creative services lead; no email shown.
MEY-075-budget-engineering-services-,Budget Engineering Services CC,Engineering supplier,"Shim stock, precision shims, laser alignment, engineering and architectural services",Meyerton based,"411 Galloway Street, Sybrand van Niekerk Park, Meyerton, 1961","Sybrand van Niekerk Park, Meyerton",Gauteng,South Africa,016 362 1973,,https://budgetengineeringsa.com,VaalIO listing,https://www.vaalio.co.za/budget-engineering-services-cc-2,2026-05-19,no_email_found,not_contacted_consent_required,No,"No public email captured: verify details and invite opt-in by phone, in person, or web form before email marketing.",No email shown.
MEY-076-masoil-lubricants,Masoil Lubricants,Manufacturing and automotive supplier,"Automotive engine oils, gear oils, hydraulic oils, ATF, brake fluids, antifreeze",Meyerton based,"11 Kraai Street, Meyerton, 1961",Meyerton,Gauteng,South Africa,079 945 9221,,http://www.masoil.co.za,VaalIO listing,https://www.vaalio.co.za/masoil-lubricants,2026-05-19,no_email_found,not_contacted_consent_required,No,"No public email captured: verify details and invite opt-in by phone, in person, or web form before email marketing.",No email shown.
MEY-077-iss-investigations,ISS-Investigations,Private investigation services,"Violent crime investigations, economic crime, matrimonial matters, research",Meyerton based,"20 Mitchell Street, Meyerton, 1961",Meyerton,Gauteng,South Africa,061 642 4908; 072 613 9925,,http://www.iss-investigations.org,VaalIO listing,https://www.vaalio.co.za/directory-business/listings/iss-investigations,2026-05-19,no_email_found,not_contacted_consent_required,No,"No public email captured: verify details and invite opt-in by phone, in person, or web form before email marketing.",No email shown.
MEY-078-bookworx-accounting-services,Bookworx Accounting Services,Accounting and bookkeeping,"Bookkeeping, accountant",Meyerton based,"Sedibeng District Municipality, Meyerton, 1929",Meyerton / Sedibeng,Gauteng,South Africa,068 132 0861,,,VaalIO listing,https://www.vaalio.co.za/directory-business/listings/bookworx-accounting-services,2026-05-19,no_email_found,not_contacted_consent_required,No,"No public email captured: verify details and invite opt-in by phone, in person, or web form before email marketing.",No email shown.
MEY-079-magala-towing,Magala Towing,Transport and towing services,"Towing, heavy machinery relocation, equipment transportation, vehicle recovery, crane trucks, rollbacks",Meyerton based,"8 Hill Road, Meyerton, 1961",Meyerton,Gauteng,South Africa,076 258 0943,,https://magalatowing.co.za,VaalIO listing,https://www.vaalio.co.za/magala-towing,2026-05-19,no_email_found,not_contacted_consent_required,No,"No public email captured: verify details and invite opt-in by phone, in person, or web form before email marketing.",No email shown.
MEY-080-xolar-energy-pty-ltd,Xolar Energy (Pty) Ltd,Solar and electrical services,"Commercial solar, industrial solar, residential solar, design, supply, installation, aftercare, energy management, electrical services",Meyerton based,"Office 7, Chazown Suites, 60 Reitz Street, Meyerton, 1961",Meyerton,Gauteng,South Africa,079 583 3319,sales@xolarenergy.co.za,,Midvaal Business Chamber member page,https://midvaalchamber.co.za/member/xolar-energy/,2026-05-19,generic_business_email,not_contacted_consent_required,No,"Consent required: use once only for POPIA Form 4 consent request, or market only under existing-customer exception after opt-in.",Public chamber member listing.
MEY-081-mpilo-occupational-health-se,Mpilo Occupational Health Service,Occupational health services,"Annexure 3 medical certificates, pre-employment medicals, periodic assessments, x-rays, drug screening, mobile units",Meyerton based,"39 Boet Kruger Street, Meyerton, 1661; also Alberton",Meyerton,Gauteng,South Africa,011 907 0645,info@mpilohealth.co.za,,Midvaal Business Chamber member page,https://midvaalchamber.co.za/member/mpilo-occupational-health-services/,2026-05-19,generic_business_email,not_contacted_consent_required,No,"Consent required: use once only for POPIA Form 4 consent request, or market only under existing-customer exception after opt-in.",Public chamber member listing.
MEY-082-modise-properties,Modise Properties,Real estate and property management,"Rental property management, tenant management, business management services",Meyerton based,Meyerton,Meyerton,Gauteng,South Africa,082 528 7331; 081 852 6648,assist@modiseproperties.co.za,,Midvaal Business Chamber member page,https://midvaalchamber.co.za/member/modise-properties/,2026-05-19,generic_business_email,not_contacted_consent_required,No,"Consent required: use once only for POPIA Form 4 consent request, or market only under existing-customer exception after opt-in.",Public chamber member listing.
MEY-083-jad-supplies-and-services-pt,JAD Supplies and Services (Pty) Ltd,Electrical and alternative energy services,"Domestic electrical, commercial electrical, industrial electrical, alternative energy, motor repairs, machine repairs, maintenance, installations",Meyerton based,"6 Elizabeth Avenue, Pendale A/H, Meyerton","Pendale AH, Meyerton",Gauteng,South Africa,016 023 0290,info@jadsands.co.za,,Midvaal Business Chamber member page,https://midvaalchamber.co.za/member/jad-supplies-services/,2026-05-19,generic_business_email,not_contacted_consent_required,No,"Consent required: use once only for POPIA Form 4 consent request, or market only under existing-customer exception after opt-in.",Public chamber member listing.
MEY-084-316-travel-pty-ltd,316 Travel (Pty) Ltd,Travel services,"Travel agency, air, cruise, accommodation, holiday packages, visa services",Meyerton based,"151 Viljoen Avenue, Meyerton",Meyerton,Gauteng,South Africa,061 489 3492,lilanie@316travel.co.za,,Midvaal Business Chamber member page,https://midvaalchamber.co.za/member/316-travel/,2026-05-19,named_or_role_business_email,not_contacted_consent_required,No,"Consent required: use once only for POPIA Form 4 consent request, or market only under existing-customer exception after opt-in.",Public chamber member listing; named business email.
MEY-085-eco-sand-and-stone-pty-ltd,Eco Sand and Stone (Pty) Ltd,Building materials and transport services,"Recycled aggregates, building sand, builders blend, rubble removal, transport services",Serves Meyerton,"Sebokeng, Vereeniging, Heidelberg, Alberton, Meyerton service area",Services Meyerton,Gauteng,South Africa,072 637 7525,ettiene@eco-sand.co.za,,Midvaal Business Chamber member page,https://midvaalchamber.co.za/member/eco-sand-and-stone/,2026-05-19,named_or_role_business_email,not_contacted_consent_required,No,"Consent required: use once only for POPIA Form 4 consent request, or market only under existing-customer exception after opt-in.",Service-area lead; named business email.
MEY-086-erg-bederf-salon,Erg Bederf Salon,Beauty and spa services,"Manicures, pedicures, salon services",Meyerton based,"56 Loch St, Meyerton, 1961",Meyerton,Gauteng,South Africa,071 679 3376,ergbederf@gmail.com,,AfricaBizInfo listing,https://www.africabizinfo.com/ZA/erg-bederf-salon_1p-071-679-3376,2026-05-19,consumer_or_named_email,not_contacted_consent_required,No,"Consent required: use once only for POPIA Form 4 consent request, or market only under existing-customer exception after opt-in.",Gmail listed publicly; contact person named in source.
MEY-087-uilliam-beauty-studio,Uilliam Beauty Studio,Beauty and aesthetics,"Gel nails, brows, skincare, makeup, waxing, facials",Meyerton based,Meyerton,Meyerton,Gauteng,South Africa,061 523 1414,info@uilliambeauty.co.za,https://uilliambeauty.co.za/,Uilliam Beauty website,https://uilliambeauty.co.za/,2026-05-19,generic_business_email,not_contacted_consent_required,No,"Consent required: use once only for POPIA Form 4 consent request, or market only under existing-customer exception after opt-in.",Public generic email.
MEY-088-kanita-s-hair-salon,Kanita's Hair Salon,Hair and beauty services,Hair salon,Meyerton based,"22 Reitz Street, Meyerton, 1960",Meyerton,Gauteng,South Africa,016 362 0225; 082 854 0161,,,Locale/Firmania listings,https://za.locale.online/kanitas-hair-salon-442227808.html,2026-05-19,no_email_found,not_contacted_consent_required,No,"No public email captured: verify details and invite opt-in by phone, in person, or web form before email marketing.",Two public listings show different phone numbers; verify before use.
MEY-089-b-beautiful-skoonheidssalon,B-Beautiful Skoonheidssalon,Beauty services,"Beauty salon, skin care",Meyerton based,"87 Shippard St, Meyerton, 1961",Meyerton Ext 4,Gauteng,South Africa,082 556 8982,,,Cylex listing,https://www.cylex.net.za/company/b-beautiful-skoonheidssalon-23778345.html,2026-05-19,no_email_found,not_contacted_consent_required,No,"No public email captured: verify details and invite opt-in by phone, in person, or web form before email marketing.",No public email found.
MEY-090-artistique-nails,Artistique Nails,Beauty services,"Nails, gel, acrylic, manicures, pedicures, waxing, makeup, tinting",Meyerton based,"12 Jakaranda Street, Golfpark, Meyerton, 1960","Golfpark, Meyerton",Gauteng,South Africa,087 700 1241; 083 444 1910,danel@artistiquenails.co.za,https://artistiquenails.co.za/,Artistique Nails website,https://artistiquenails.co.za/,2026-05-19,named_or_role_business_email,not_contacted_consent_required,No,"Consent required: use once only for POPIA Form 4 consent request, or market only under existing-customer exception after opt-in.",Public named business email.
MEY-091-sparkle-shine-nail-salon,Sparkle & Shine Nail Salon,Beauty services,"Nail salon, gel overlays, tips, sculpture",Meyerton based,"75 Henry Street, Risiville, Meyerton","Risiville, Meyerton",Gauteng,South Africa,076 283 3558,tanya82551@gmail.com,https://book.heygoldie.com/Sparkle-Shine-Nail-Salon,Goldie booking page,https://book.heygoldie.com/Sparkle-Shine-Nail-Salon,2026-05-19,consumer_or_named_email,not_contacted_consent_required,No,"Consent required: use once only for POPIA Form 4 consent request, or market only under existing-customer exception after opt-in.",Gmail listed publicly on booking page.
MEY-092-photos-carlett-studio,Photos@Carlett Studio,Photography services,"Portrait photography, wedding photography, commercial photography, studio photography",Meyerton based,"21 Buhner St, Meyerton",Meyerton,Gauteng,South Africa,082 591 8523,info@photosatcarlettstudio.online,https://photosatcarlettstudio.online/,Photos@Carlett Studio website,https://photosatcarlettstudio.online/,2026-05-19,generic_business_email,not_contacted_consent_required,No,"Consent required: use once only for POPIA Form 4 consent request, or market only under existing-customer exception after opt-in.",Public generic email.
MEY-093-en-vie-hairdressing,En Vie Hairdressing,Hair and beauty services,"Hairdressing, beauty salon",Meyerton based,Global Fitness / Meyerton Farms; public listing also references Boet Kruger and Joos Williamson Rd moves,Meyerton,Gauteng,South Africa,082 642 8143; 082 954 1608,,https://www.facebook.com/,Beauty Nail Hair Salons listing,https://www.beautynailhairsalons.com/ZA/Meyerton/768018706872302/En-Vie-Hairdressing,2026-05-19,no_email_found,not_contacted_consent_required,No,"No public email captured: verify details and invite opt-in by phone, in person, or web form before email marketing.",Address history appears inconsistent; verify before contacting.
MEY-094-faw-midvaal,FAW Midvaal,Truck and automotive services,"New and used car dealers, auto electrical repairs, diagnostics, engine management, mechanical repairs, spare parts, heavy vehicle repairs",Meyerton based,"61 Technology Crescent, Kliprivier Business Park, Midvaal, Kliprivier, Meyerton",Kliprivier / Meyerton,Gauteng,South Africa,011 900 1228,,,Services4Africa listing,https://services4africa.co.za/Search/service-provider.aspx?name=faw-midvaal-&sp_id=2455817,2026-05-19,no_email_found,not_contacted_consent_required,No,"No public email captured: verify details and invite opt-in by phone, in person, or web form before email marketing.",Approved services listing; no email shown.
MEY-095-midvaal-commercial-park,Midvaal Commercial Park,Commercial property services,"Commercial property, warehousing, business premises, industrial units",Meyerton based,"Corner of Sybrand van Niekerk Highway & Johan le Roux off-ramp, Meyerton",Meyerton,Gauteng,South Africa,082 521 9616,admin@midvaalcommercial.co.za,https://www.midvaalcommercial.co.za/,Midvaal Commercial Park website,https://www.midvaalcommercial.co.za/,2026-05-19,generic_business_email,not_contacted_consent_required,No,"Consent required: use once only for POPIA Form 4 consent request, or market only under existing-customer exception after opt-in.",Good channel partner for reaching tenants; do not treat tenant data as consent.
